<?xml version="1.0" encoding="UTF-8"?>
<project-private xmlns="http://www.netbeans.org/ns/project-private/1">
    <editor-bookmarks xmlns="http://www.netbeans.org/ns/editor-bookmarks/2" lastBookmarkId="0"/>
    <open-files xmlns="http://www.netbeans.org/ns/projectui-open-files/2">
        <group>
            <file>file:/C:/Users/wills/Documents/NetBeansProjects/A0035059%20ICA2/src/a0035059/ica2/GUI.java</file>
            <file>file:/C:/Users/wills/Documents/NetBeansProjects/A0035059%20ICA2/src/a0035059/ica2/viewOrderGUI.java</file>
        </group>
    </open-files>
</project-private>
